Id,簡体字,繁体字,ピンイン,意味,別解：簡体字,別解：繁体字,別解：ピンイン,出典元,レベル,Created at,Updated at
1,一心一意,一心一意,yī xīn yī yì,ひたすらに、わき目もふらず, - , - , - ,jujuyouyisi,1,2023/12/03 17:03,2023/12/03 17:17
2,一五一十,一五一十,yī wǔ yī shí,一部始終、細大漏らさずに, - , - , - ,jujuyouyisi,1,2023/12/03 17:04,2023/12/03 17:04
3,一毛不拔,一毛不拔,yī máo bù bá,極端にけちである、物惜しみが甚だしい, - , - , - ,jujuyouyisi,1,2023/12/03 17:07,2023/12/03 17:07
4,一干二净,一乾二淨,yī gān èr jìng,きれいさっぱり、徹底的に、すっかり, - , - , - ,jujuyouyisi,1,2023/12/03 17:10,2023/12/03 17:10
5,一清二楚,一清二楚,yī qīng èr chǔ,"明白な、はっきりわかる；きれいさっぱり、音が筒抜けだ
(話や説明が明確であることに使われることが多い)", - , - , - ,jujuyouyisi,1,2023/12/03 17:16,2023/12/03 17:16
6,一网打尽,一網打盡,yī wǎng dǎ jìn,一度に一味やその仲間を全部捕らえること, - , - , - ,jujuyouyisi,1,2023/12/03 17:19,2023/12/05 11:56
7,一模一样,一模一樣,yī mó yī yàng,そっくりだ、瓜二つだ, - , - , - ,jujuyouyisi,1,2023/12/03 17:21,2023/12/03 17:21
8,一举一动,一舉一動,yī jǔ yī dòng,細かいいちいちそれぞれの動作、ちょっとした振る舞い, - , - , - ,jujuyouyisi,1,2023/12/03 17:24,2023/12/03 17:24
9,七上八下,七上八下,qī shàng bā xià,不安で居ても立っても居られないこと、とても落ち着かないこと, - , - , - ,jujuyouyisi,1,2023/12/03 17:26,2023/12/03 17:26
10,七手八脚,七手八脚,qī shǒu bā jiǎo,多くの人々が一斉に働いたり行動を起こしている様子、よってたかって…する, - , - , - ,jujuyouyisi,1,2023/12/03 17:29,2023/12/03 17:29
11,九牛二虎,九牛二虎,jiǔ niú èr hǔ,"最大限の力で、あらん限りの力で
※多くの場合「…之力」とされる", - , - , - ,jujuyouyisi,1,2023/12/03 17:34,2023/12/03 17:34
12,人山人海,人山人海,rén shān rén hǎi,人で溢れかえっている様子、大勢の人で混雑している様子, - , - , - ,jujuyouyisi,1,2023/12/03 17:36,2023/12/03 17:36
13,人来人往,人來人往,rén lái rén wǎng,人の出入りや行き交いが激しいこと, - , - , - ,jujuyouyisi,1,2023/12/03 17:38,2023/12/03 17:38
14,人间天堂,人間天堂,rén jiān tiān táng,この世の天国、地球上にある楽園, - , - , - ,jujuyouyisi,1,2023/12/03 17:41,2023/12/03 17:41
15,力争上游,力爭上游,lì zhēng shàng yóu,向上心を持って奮起すること、高い目標のために必死に努力すること, - , - , - ,jujuyouyisi,1,2023/12/03 17:44,2023/12/03 17:44
16,十万火急,十萬火急,shí wàn huǒ jí,非常に急いでいること、大至急, - , - , - ,jujuyouyisi,1,2023/12/03 17:46,2023/12/03 17:46
17,三五成群,三五成群,sān wǔ chéng qún,小さなグループが群れを成している様子, - , - , - ,jujuyouyisi,1,2023/12/03 17:53,2023/12/03 17:53
18,三言两语,三言兩語,sān yán liǎng yǔ,"わずかな言葉で、少しの話で
「少し話しただけで理解してもらえる」「少し話しただけでは理解してもらえない」どちらの用法も取れる", - , - , - ,jujuyouyisi,1,2023/12/03 18:02,2023/12/03 18:02
19,千千万万,千千萬萬,qiān qiān wàn wàn,無数の、大量の, - , - , - ,jujuyouyisi,1,2023/12/03 18:06,2023/12/03 18:06
20,千辛万苦,千辛萬苦,qiān xīn wàn kǔ,あらゆる苦労をすること、多くの辛酸を嘗めること, - , - , - ,jujuyouyisi,1,2023/12/03 18:07,2023/12/03 18:07
21,千奇百怪,千奇百怪,qiān qí bǎi guài,極めて不思議なこと,千奇万怪,千奇万怪,qiān qí wàn guài,jujuyouyisi,1,2023/12/03 18:09,2023/12/05 11:54
22,千真万真,千真萬真,qiān zhēn wàn zhēn,(情報などが)極めて確実だ、絶対間違いない, - , - , - ,jujuyouyisi,1,2023/12/03 18:11,2023/12/03 18:11
23,千变万化,千變萬化,qiān biàn wàn huà,目まぐるしく変化をすること、局面や状況が常に一定ではないこと, - , - , - ,jujuyouyisi,1,2023/12/03 18:13,2023/12/03 18:13
24,大功告成,大功告成,dà gōng gào chéng,大きな事業や工事、任務などが達成されること, - , - , - ,jujuyouyisi,1,2023/12/03 18:15,2023/12/03 18:15
25,大吃一惊,大吃一驚,dà chī yī jīng,非常に驚くこと、びっくり仰天なさま, - , - , - ,jujuyouyisi,1,2023/12/03 18:16,2023/12/03 18:16
26,大街小巷,大街小巷,dà jiē xiǎo xiàng,町中の至るところに, - , - , - ,jujuyouyisi,1,2023/12/03 18:17,2023/12/03 18:17
27,山明水秀,山明水秀,shān míng shuǐ xiù,とても自然の光景が清らかで美しいさま, - , - , - ,jujuyouyisi,1,2023/12/03 18:19,2023/12/03 18:20
28,山珍海味,山珍海味,shān zhēn hǎi wèi,珍しい海の幸や山の幸。珍しい食べ物がたくさんあること, - , - , - ,jujuyouyisi,1,2023/12/03 18:49,2023/12/03 18:49
29,不可思议,不可思議,bù kě sī yì,"人間には想像が及ばないこと；あやしいこと、異様なこと
※元は仏教用語で「人が思いはかったり、言語で表現できないこと」", - , - , - ,jujuyouyisi,1,2023/12/03 19:31,2023/12/05 11:55
30,不亦乐乎,不亦樂乎,bù yì lè hū,すごく、非常に、甚だしく, - , - , - ,jujuyouyisi,1,2023/12/03 19:50,2023/12/03 19:50
31,不知所措,不知所措,bù zhī suǒ cuò,どうしたらいいかわからない、慌てふためく, - , - , - ,jujuyouyisi,1,2023/12/03 19:59,2023/12/03 19:59
32,不慌不忙,不慌不忙,bù huāng bù máng,急がず慌てないさま, - , - , - ,jujuyouyisi,1,2023/12/03 20:02,2023/12/03 20:02
33,不欢而散,不歡而散,bù huān ér sàn,気まずい思いをしたまま別れる、喧嘩別れをする, - , - , - ,jujuyouyisi,1,2023/12/03 20:04,2023/12/03 20:04
34,五花八门,五花八門,wǔ huā bā mén,多種多様である、バラエティに富んでいる、色々だ, - , - , - ,jujuyouyisi,1,2023/12/03 20:06,2023/12/03 20:06
35,五彩缤纷,五彩繽紛,wǔ cǎi bīn fēn,色とりどりだ、カラフルである,五颜六色,五顏六色,wǔ yán liù sè,jujuyouyisi,1,2023/12/03 20:08,2023/12/05 12:02
36,五颜六色,五顏六色,wǔ yán liù sè,色とりどりだ、カラフルである,五彩缤纷,五彩繽紛,wǔ cǎi bīn fēn,jujuyouyisi,1,2023/12/03 20:10,2023/12/05 12:01
37,公而忘私,公而忘私,gōng ér wàng sī,私事を考えずに公益のために身を尽くすこと, - , - , - ,jujuyouyisi,1,2023/12/03 20:15,2023/12/03 20:15
38,天昏地暗,天昏地暗,tiān hūn dì àn,政治が腐敗し原因で社会的に混乱していること；頭が混乱して理解が追いつかないこと；周囲が真っ暗なこと, - , - , - ,jujuyouyisi,1,2023/12/03 20:18,2023/12/03 20:18
39,少见多怪,少見多怪,shǎo jiàn duō guài,"世間知らず、世事に疎いこと
※知識の無い者は何を見ても珍しがる、人を馬鹿にした表現", - , - , - ,jujuyouyisi,1,2023/12/03 20:21,2023/12/05 11:55
40,心平气和,心平氣和,xīn píng qì hé,心が穏やかだ、心が平静である, - , - , - ,jujuyouyisi,1,2023/12/04 02:34,2023/12/04 02:34
41,心服口服,心服口服,xīn fú kǒu fú,敬服する、心から認める, - , - , - ,jujuyouyisi,1,2023/12/04 02:37,2023/12/04 02:37
42,心花怒放,心花怒放,xīn huā nù fàng,嬉しくてたまらない、喜びに満ち溢れているさま, - , - , - ,jujuyouyisi,1,2023/12/04 02:38,2023/12/04 02:38
43,心事重重,心事重重,xīn shì chóng chóng,心配事や悩みが積み重なっていること, - , - , - ,jujuyouyisi,1,2023/12/04 02:41,2023/12/04 02:41
44,心想事成,心想事成,xīn xiǎng shì chéng,心で願っていたことが成就すること, - , - , - ,jujuyouyisi,1,2023/12/04 02:43,2023/12/04 02:43
45,心满意足,心滿意足,xīn mǎn yì zú,何一つ不満がないこと、とても満足していること, - , - , - ,jujuyouyisi,1,2023/12/04 02:44,2023/12/04 02:44
46,手足情深,手足情深,shǒu zú qíng shēn,"兄弟姉妹の関係がとても親密であること
※多くは兄弟姉妹についてだが、友人関係でも用いることがある", - , - , - ,jujuyouyisi,1,2023/12/04 02:49,2023/12/05 11:55
47,手舞足蹈,手舞足蹈,zú dào shǒu wǔ,踊りあがって喜ぶさま,足蹈手舞,足蹈手舞,shǒu wǔ zú dào,jujuyouyisi,1,2023/12/04 02:55,2023/12/05 11:54
48,斤斤计较,斤斤計較,jīn jīn jì jiào,小さなことにけちなこと、細かいことにとやかく言うこと, - , - , - ,jujuyouyisi,1,2023/12/04 03:05,2023/12/04 03:05
49,日上三竿,日上三竿,rì shàng sān gān,"日が既に高く登っていること
※通例、朝寝坊をしたときに使われる", - , - , - ,jujuyouyisi,1,2023/12/04 03:07,2023/12/05 11:55
50,世外桃源,世外桃源,shì wài táo yuán,この世から隔離された楽園、桃源郷、理想郷, - , - , - ,jujuyouyisi,1,2023/12/04 03:08,2023/12/04 03:08
51,以身作则,以身作則,yǐ shēn zuò zé,自らが手本を示すこと, - , - , - ,jujuyouyisi,1,2023/12/04 03:09,2023/12/04 03:09
52,出其不意,出其不意,chū qí bù yì,意表を突く、相手の隙をついて行動する, - , - , - ,jujuyouyisi,1,2023/12/04 03:12,2023/12/04 03:12
53,半信半疑,半信半疑,bàn xìn bàn yí,半分信じて半分疑っていること, - , - , - ,jujuyouyisi,1,2023/12/04 03:15,2023/12/04 03:15
54,将信将疑,將信將疑,jiāng xìn jiāng yí,信じられそうでもあるし、疑わしくもあること, - , - , - ,jujuyouyisi,1,2023/12/04 03:19,2023/12/04 03:19
55,古色古香,古色古香,gǔ sè gǔ xiāng,芸術品や建築物が古くなり、独特の風格を漂わせていること, - , - , - ,jujuyouyisi,1,2023/12/04 03:21,2023/12/04 03:21
56,四面八方,四面八方,sì miàn bā fāng,全ての方角、周囲一帯,四方八面,四方八面,sì fāng bā miàn,jujuyouyisi,1,2023/12/04 03:24,2023/12/05 11:53
57,四通八达,四通八達,sì tōng bā dá,交通網が発達して非常に便利なこと、交通の便が非常にいいこと；人の往来が多くにぎやかなこと,八达四通,八達四通,bā dá sì tōng,jujuyouyisi,1,2023/12/04 03:24,2023/12/05 11:52
58,左邻右舍,左鄰右舍,zuǒ lín yòu shè,隣近所, - , - , - ,jujuyouyisi,1,2023/12/04 03:31,2023/12/04 03:31
59,左顾右盼,左顧右盼,zuǒ gù yòu pàn,辺りをきょろきょろする；得意げになって辺りを見回す,右盼左顾,右盼左顧,yòu pàn zuǒ gù,jujuyouyisi,1,2023/12/04 03:32,2023/12/05 11:53
60,平心静气,平心靜氣,píng xīn jìng qì,気持ちが落ち着いているさま、冷静であるさま,静气平心,靜氣平心,jìng qì píng xīn,jujuyouyisi,1,2023/12/04 03:38,2023/12/05 11:52
61,平易近人,平易近人,píng yì jìn rén,(人が)穏やかで親しみやすい性格で近づきやすい；(文章が)平易で理解しやすい, - , - , - ,jujuyouyisi,1,2023/12/04 03:41,2023/12/04 03:41
62,石沉大海,石填大海,shí tián dà hǎi,何の音沙汰もない、反応がない, - , - , - ,jujuyouyisi,1,2023/12/04 03:46,2023/12/04 03:46
63,全心全意,全心全意,quán xīn quán yì,真心から、真心があって真面目なこと,诚心诚意,誠心誠意,chéng xīn chéng yì,jujuyouyisi,1,2023/12/04 15:47,2023/12/09 02:49
64,诚心诚意,誠心誠意,chéng xīn chéng yì,真心から、真心があって真面目なこと,全心全意,全心全意,quán xīn quán yì,jujuyouyisi,1,2023/12/04 15:47,2023/12/05 12:00
65,冰天雪地,冰天雪地,bīng tiān xuě dì,一面を氷雪に閉ざされ非常に寒い状態であること, - , - , - ,jujuyouyisi,1,2023/12/04 15:51,2023/12/04 15:51
66,合作无间,合作無間,hé zuò wú jiàn,人々が一緒の目標に対しよく協力すること, - , - , - ,jujuyouyisi,1,2023/12/04 15:54,2023/12/04 15:54
67,因小失大,因小失大,yīn xiǎo shī dà,小さな利益のために、大きな損失を抱えてしまうこと,貪小失大,贪小失大,tān xiǎo shī dà,jujuyouyisi,1,2023/12/04 15:55,2023/12/05 11:58
68,多才多艺,多才多藝,duō cái duō yì,多くの方面で才能や技術を持っていること, - , - , - ,jujuyouyisi,1,2023/12/04 15:57,2023/12/04 15:57
69,多彩多姿,多采多姿,duō cǎi duō zī,"非常に様々で美しい、変化に富んで彩られた
※多種多様さと同時に美しさにも言及される",多姿多彩,多姿多采,duō zī duō cǎi,jujuyouyisi,1,2023/12/04 16:01,2023/12/05 11:51
70,年轻力壮,年輕力壯,nián qīng lì zhuàng,年齢が若くてたくましい様子, - , - , - ,jujuyouyisi,1,2023/12/04 16:07,2023/12/04 16:07
71,成千上万,成千上萬,chéng qiān shàng wàn,非常に数の多いさま、おびただしい数の,成千成万,成千成萬,chéng qiān chéng wàn,jujuyouyisi,1,2023/12/04 16:09,2023/12/05 11:57
72,有说有笑,有說有笑,yǒu shuō yǒu xiào,にぎやかに楽しく談笑をする, - , - , - ,jujuyouyisi,1,2023/12/04 16:10,2023/12/04 16:10
73,有声有色,有聲有色,yǒu shēng yǒu sè,論調や演技、説明、文字などが生き生きとしている、精彩を放っている,有色有声,有色有聲,yǒu sè yǒu shēng,jujuyouyisi,1,2023/12/04 16:14,2023/12/05 11:50
74,死里逃生,死裡逃生,sǐ lǐ táo shēng,命からがら逃げ出す、九死に一生を得る, - , - , - ,jujuyouyisi,1,2023/12/04 16:17,2023/12/04 16:17
75,汗如雨下,汗如雨下,hàn rú yǔ xià,滝のように汗が流れているさま, - , - , - ,jujuyouyisi,1,2023/12/04 16:20,2023/12/04 16:20
76,百发百中,百發百中,bǎi zhòng bǎi fā,弓矢や射撃の腕前がすさまじくよいこと。転じて計画や見通しが全て的中すること,百中百发,百中百發,bǎi fā bǎi zhòng,jujuyouyisi,1,2023/12/04 16:24,2023/12/05 11:50
77,竹报平安,竹報平安,zhú bào píng ān,元々は家族からの無事を知らせる手紙のこと。春联(春節の縁起物)に用いられる, - , - , - ,jujuyouyisi,1,2023/12/04 16:31,2023/12/04 16:31
78,自由自在,自由自在,zì yóu zì zài,何者にもとらわれず自分が思う通りにできるさま, - , - , - ,jujuyouyisi,1,2023/12/04 16:32,2023/12/04 16:32
79,自言自语,自言自語,zì yán zì yǔ,独り言を言う, - , - , - ,jujuyouyisi,1,2023/12/04 16:33,2023/12/04 16:33
80,低声下气,低聲下氣,dī shēng xià qì,恭順な、へりくだった行動を取ること。多くの場合、強い者に対してびくびくした、へつらう態度を取ること, - , - , - ,jujuyouyisi,1,2023/12/04 16:41,2023/12/04 16:41
81,呑呑吐吐,吞吞吐吐,tūn tūn tǔ tǔ,しどろもどろになる、要領を得ない；奥歯に物が挟まったような言い方をする, - , - , - ,jujuyouyisi,1,2023/12/04 16:43,2023/12/05 11:55
82,形影不离,形影不離,xíng yǐng bù lí,関係が密接であること、いつもそばにいるような関係であること, - , - , - ,jujuyouyisi,1,2023/12/04 16:45,2023/12/04 16:45
83,忍无可忍,忍無可忍,rěn wú kě rěn,これ以上我慢ができない、堪忍袋の緒が切れる, - , - , - ,jujuyouyisi,1,2023/12/04 16:47,2023/12/04 16:47
84,狂风暴雨,狂風暴雨,kuáng fēng bào yǔ,暴風雨。転じて激動の状態、状況であること,狂风骤雨・驟雨狂風,狂風驟雨・驟雨狂風,kuáng fēng zhòu yǔ,jujuyouyisi,1,2023/12/09 00:11,2023/12/10 00:40
85,身体力行,身體力行,shēn tǐ lì xíng,口先だけでなく自らが行動して手本を示すこと, - , - , - ,jujuyouyisi,1,2023/12/09 00:12,2023/12/09 00:12
86,供不应求,供不應求,gōng bù yìng qiú,供給が需要に追いつかないこと, - , - , - ,jujuyouyisi,1,2023/12/09 00:14,2023/12/09 00:14
87,刻苦耐劳,刻苦耐勞,kè kǔ nài láo,非常に過酷な労働環境で努力して仕事をすること, - , - , - ,jujuyouyisi,1,2023/12/09 00:16,2023/12/09 00:16
88,和蔼可亲,和藹可親,hé ǎi kě qīn,和やかで優しく親しみやすい, - , - , - ,jujuyouyisi,1,2023/12/09 00:18,2023/12/09 00:18
89,始终如一,始終如一,shǐ zhōng rú yī,終始一貫して物事に対する態度が変わらないこと, - , - , - ,jujuyouyisi,1,2023/12/09 00:20,2023/12/09 00:20
90,居安思危,居安思危,jū ān sī wéi,気の休まるときでも災難や危険に対して想定しておくこと、常に危機管理を忘れないこと, - , - , - ,jujuyouyisi,1,2023/12/09 00:22,2023/12/09 00:22
91,幸灾乐祸,幸災樂禍,xìng zāi lè huò,"他人が災難や不幸にあうのを見て喜んだり、楽しんだりすること
※「人の不幸は蜜の味」に近い意味合い", - , - , - ,jujuyouyisi,1,2023/12/09 00:25,2023/12/09 00:25
92,拔刀相助,拔刀相助,bá dāo xiāng zhù,(多くの場合不正や悪い事に対して)一肌脱ぐこと、助太刀に入ること, - , - , - ,jujuyouyisi,1,2023/12/09 00:28,2023/12/09 00:28
93,抬头挺胸,抬頭挺胸,tái tóu tǐng xiōng,背筋を伸ばし胸を張る様子。転じて気力が奮い表情が生き生きとしている様子, - , - , - ,jujuyouyisi,1,2023/12/09 00:33,2023/12/09 00:33
94,东倒西歪,東倒西歪,dōng dǎo xī wāi,ふらふらで倒れそうな様子、よろめく様子, - , - , - ,jujuyouyisi,1,2023/12/09 00:36,2023/12/09 00:36
95,欣喜若狂,欣喜若狂,xīn xǐ ruò kuáng,狂ったように喜ぶこと, - , - , - ,jujuyouyisi,1,2023/12/09 00:37,2023/12/09 00:37
96,前因后果,前因後果,qián yīn hòu guǒ,ある事柄の原因と結果。転じて、事の一部始終を示す。, - , - , - ,jujuyouyisi,1,2023/12/09 00:40,2023/12/09 00:40
97,勇往直前,勇往直前,yǒng wǎng zhí qián,目標や目的などに対しひたすらに突き進むこと, - , - , - ,jujuyouyisi,1,2023/12/09 02:01,2023/12/09 02:01
98,品学兼优,品學兼優,pǐn xué jiān yōu,品行も学業もすばらしいこと。多く学生への褒め言葉として用いられる,学品兼优,學品兼優,xué pǐn jiān yōu,jujuyouyisi,1,2023/12/09 02:04,2023/12/09 02:04
99,度日如年,度日如年,dù rì rú nián,"時間がすぎるのがとても長く感じられること
※生活が苦しかったり、つらい状態であったりなど、苦行のイメージを伴うことが多い", - , - , - ,jujuyouyisi,1,2023/12/09 02:08,2023/12/09 02:08
100,美中不足,美中不足,měi zhōng bù zú,美しい、素晴らしい物にわずかながら欠点があること、玉に瑕(きず), - , - , - ,jujuyouyisi,1,2023/12/09 02:10,2023/12/09 02:10
101,面目全非,面目全非,miàn mù quán fēi,変わり果てる、全く違うものに変化する、見る影もない, - , - , - ,jujuyouyisi,1,2023/12/09 02:12,2023/12/09 02:12
102,风吹草动,風吹草動,fēng chuī cǎo dòng,わずかな異変、ちょっとした変化, - , - , - ,jujuyouyisi,1,2023/12/09 02:15,2023/12/09 02:15
103,家家户户,家家戶戶,jiā jiā hù hù,家々、軒並み、各家庭, - , - , - ,jujuyouyisi,1,2023/12/09 02:17,2023/12/09 02:17
104,时时刻刻,時時刻刻,shí shí kè kè,いつも、片時も、絶えず, - , - , - ,jujuyouyisi,1,2023/12/09 02:19,2023/12/09 02:19
105,国泰民安,國泰民安,guó tài mín ān,国家が安泰で、国民が平穏に暮らしていること,民安国泰,民安國泰,mín ān guó tài,jujuyouyisi,1,2023/12/09 02:21,2023/12/09 02:21
106,张灯结彩,張燈結綵,zhāng dēng jié cǎi,"色とりどりの提灯や色絹で町中が飾られること
※特に元宵節などの祭りの光景として形容される", - , - , - ,jujuyouyisi,1,2023/12/09 02:26,2023/12/09 02:26
107,从容不迫,從容不迫,cōng róng bù pò,慌てず落ち着いている、冷静で余裕がある, - , - , - ,jujuyouyisi,1,2023/12/09 02:28,2023/12/09 02:28
108,得意洋洋,得意揚揚,dé yì yáng yáng,得意げである、鼻高々だ,洋洋得意,得意洋洋・揚揚得意・洋洋得意,yáng yáng dé yì,jujuyouyisi,1,2023/12/09 02:33,2023/12/10 00:40
109,深入浅出,深入淺出,shēn rù qiǎn chū,平易な言葉で、深い内容を表現すること,深入显出,深入顯出,shēn rù xiǎn chū,jujuyouyisi,1,2023/12/09 02:36,2023/12/09 02:36
110,泪如泉涌,淚如泉湧,lèi rú quán yǒng,号泣する、止めどなく涙が溢れる,泪如涌泉,淚如湧泉,lèi rú yǒng quán,jujuyouyisi,1,2023/12/09 02:39,2023/12/09 02:48
111,现身说法,現身說法,xiàn shēn shuō fǎ,自らの経験をもって、人々を教え導くこと, - , - , - ,jujuyouyisi,1,2023/12/09 02:40,2023/12/09 02:40
112,眼明手快,眼明手快,yǎn míng shǒu kuài,よく目が利き、動作もすばしっこいこと,眼明手捷,眼明手捷,yǎn míng shǒu jié,jujuyouyisi,1,2023/12/09 02:44,2023/12/09 02:48
113,闭门思过,閉門思過,bì mén sī guò,家などにこもって独りで自らの失敗を深く反省すること,闭阁思过,閉閣思過,bì gé sī guò,jujuyouyisi,1,2023/12/09 02:47,2023/12/09 02:47
114,挥汗成雨,揮汗成雨,huī hàn chéng yǔ,汗だくであること。転じて、人が多くひしめいていること,挥汗如雨,揮汗如雨,huī hàn rú yǔ,jujuyouyisi,1,2023/12/09 16:27,2023/12/09 16:27
115,无中生有,無中生有,wú zhōng shēng yǒu,事実ではないことをでっちあげる、捏造する, - , - , - ,jujuyouyisi,1,2023/12/09 16:28,2023/12/09 16:28
116,无精打采,無精打采,wú jīng dǎ cǎi,元気がなく打ちひしがれている様子、意気消沈している様子,沒精打采,沒精打采・沒精打彩,méi jīng dǎ cǎi,jujuyouyisi,1,2023/12/09 16:34,2023/12/10 00:40
117,沒精打采,沒精打采,méi jīng dǎ cǎi,元気がなく打ちひしがれている様子、意気消沈している様子,无精打采,沒精打彩・無精打采,wú jīng dǎ cǎi,jujuyouyisi,1,2023/12/09 16:34,2023/12/10 00:39
118,无忧无虑,無憂無慮,wú yōu wú lǜ,何の心配も無い,无虑无忧,無慮無憂,wú lǜ wú yōu,jujuyouyisi,1,2023/12/09 16:37,2023/12/09 16:37
119,我边无际,無邊無際,wú biān wú jì,"際限がない、果てしない
※海や草原、空、宇宙などの広大な風景の他、波など際限なく繰り返されるものにも用いられる", - , - , - ,jujuyouyisi,1,2023/12/09 16:41,2023/12/09 16:41
120,窗明几净,窗明几淨,chuāng míng jī jìng,部屋がとても清潔できれいなさま。部屋が明るく気持ちのいいさま。, - , - , - ,jujuyouyisi,1,2023/12/09 16:44,2023/12/09 16:44
121,街头巷尾,街頭巷尾,jiē tóu xiàng wěi,街のあちこちに,街头市尾・巷头街尾・大街小巷,街頭市尾・巷尾街頭・大街小巷,dà jiē xiǎo xiàng,jujuyouyisi,1,2023/12/09 16:48,2023/12/10 00:39
122,乱七八糟,亂七八糟,luàn qī bā zāo,ごちゃごちゃしている、めちゃくちゃである；気持ちや考えが混乱する, - , - , - ,jujuyouyisi,1,2023/12/09 16:53,2023/12/10 00:13
123,乌七八糟,烏七八糟,wū qī bā zāo,ひどく汚い、いかがわしい、不道徳だ；ごちゃごちゃしている、めちゃくちゃだ,污七八糟,污七八糟,wū qī bā zāo,jujuyouyisi,1,2023/12/09 16:56,2023/12/09 16:56
124,倾盆大雨,傾盆大雨,qīng pén dà yǔ,"土砂降りの雨、豪雨を形容することば。
※突発的な、スコール的な急雨を指すことが多い", - , - , - ,jujuyouyisi,1,2023/12/09 16:58,2023/12/09 16:58
125,愁眉苦脸,愁眉苦臉,chóu méi kǔ liǎn,沈んだ顔をする、浮かぬ顔をする、心配そうな顔をする,愁眉不展・泪眼愁眉,愁眉不展・愁眉淚眼,"chóu méi bù zhǎn,chóu méi lèi yǎn",jujuyouyisi,1,2023/12/09 22:25,2023/12/10 00:38
126,滔滔不绝,滔滔不絕,tāo tāo bù jué,"絶え間なく流れること。転じて、ぺらぺらと喋り続けること
※司会者や弁論家などを形容するときに用いられる", - , - , - ,jujuyouyisi,1,2023/12/09 22:29,2023/12/09 22:29
127,万众一心,萬眾一心,wàn zhòng yī xīn,国民や軍隊、クラスメイトなど、多くの人々の集団が一丸となること, - , - , - ,jujuyouyisi,1,2023/12/09 22:32,2023/12/09 22:32
128,万紫千红,萬紫千紅,wàn zǐ qiān hóng,(花壇や花畑などで)花が咲き乱れること。転じて人物や文化が隆盛を極めること。, - , - , - ,jujuyouyisi,1,2023/12/09 22:36,2023/12/09 22:36
129,游手好闲,游手好閒,yóu shǒu hào xián,正業に就かず遊び呆けること, - ,遊手好閒,yóu shǒu hào xián,jujuyouyisi,1,2023/12/09 22:40,2023/12/09 22:40
130,实话实说,實話實說,shí huà shí shuō,率直に言うと、ありのままを言うと、正直に言うと, - , - , - ,jujuyouyisi,1,2023/12/09 22:43,2023/12/09 22:43
131,聚精會神,聚精會神,jù jīng huì shén,精神を集中して、一心不乱に, - , - , - ,jujuyouyisi,1,2023/12/09 23:09,2023/12/09 23:09
132,增广见识,增廣見聞,zēng guǎng jiàn wén,知識がつくこと, - , - , - ,jujuyouyisi,1,2023/12/09 23:12,2023/12/09 23:12
133,废物利用,廢物利用,fèi wù lì yòng,捨てられるものに改良を加えて使えるようにする、リサイクルする, - , - , - ,jujuyouyisi,1,2023/12/09 23:15,2023/12/09 23:15
134,数一数二,數一數二,shǔ yī shǔ èr,一二を争う、指折りの、トップクラスの, - , - , - ,jujuyouyisi,1,2023/12/09 23:17,2023/12/09 23:17
135,谈天说地,談天說地,tán tiān shuō dì,知識が豊富な、話題に事欠かない人を形容したことば。転じて、世間話をする、延々とおしゃべりをすること,谈天论地・谭天说地・说地谈天,談天論地・譚天說地・說地談天,tán tiān lùn dì,jujuyouyisi,1,2023/12/09 23:22,2023/12/10 00:38
136,横冲直撞,橫衝直撞,héng chōng zhí zhuàng,めちゃくちゃに走り回る、縦横無尽に突き進む,横行直撞,橫行直撞,héng xíng zhí zhuàng,jujuyouyisi,1,2023/12/09 23:29,2023/12/09 23:29
137,举世闻名,舉世聞名,jǔ shì wén míng,世界中の人々が知っている、その名が轟いている, - , - , - ,jujuyouyisi,1,2023/12/09 23:32,2023/12/09 23:32
138,应有尽有,應有盡有,yīng yǒu jìn yǒu,"必要なものが何でも揃っていること、
※店舗や市場のように商品だけでなく、百科事典のような記載内容などにも使える", - , - , - ,jujuyouyisi,1,2023/12/09 23:39,2023/12/09 23:39
139,点点滴滴,點點滴滴,diǎn dian dī dī,"小さなもの１つずつ
※記憶や思い出、経験など、小さいけれど大切、重要なものによく用いられる", - , - , - ,jujuyouyisi,1,2023/12/09 23:42,2023/12/09 23:42
140,变化无常,變化無常,biàn huà wú cháng,目まぐるしく変化すること, - , - , - ,jujuyouyisi,1,2023/12/09 23:44,2023/12/09 23:44
141,一箭双雕,一箭雙雕,yī jiàn shuāng diāo,１つの行動で２つの成果を得ること,一石二鸟・一举两得・事半功倍,一箭雙鵰・一石二鳥・一舉兩得・事半功倍, - ,jujuyouyisi,1,2023/12/09 23:55,2023/12/10 00:38
142,一钱不值,一錢不值,yī qián bù zhí,全く値打ちが無いこと, - , - , - ,jujuyouyisi,1,2023/12/09 23:57,2023/12/09 23:57
143,口若悬河,口若懸河,kǒu ruò xuán hé,よくしゃべるさま、立て板に水のように話すさま, - , - , - ,jujuyouyisi,1,2023/12/09 23:59,2023/12/09 23:59
144,名不虚传,名不虛傳,míng bù xū chuán,その名に恥じない、評判に違わない, - , - , - ,jujuyouyisi,1,2023/12/10 00:01,2023/12/10 00:01
145,盲人摸象,盲人摸象,máng rén mō xiàng,物事や人物の一部、ないしは一面だけを理解して、すべて理解したと錯覚してしまうこと, - , - , - ,jujuyouyisi,1,2023/12/10 00:03,2023/12/10 00:03
146,卷土重来,捲土重來,juǎn tǔ chóng lái,一度失敗した者が再び勢力を盛り返すこと, - , - , - ,jujuyouyisi,1,2023/12/10 00:05,2023/12/10 00:05
147,落井下石,落井下石,luò jǐng xià shí,人の窮状や弱みにつけ込んで更に痛めつけること,投井下石・下井投石,投井下石・下井投石, - ,jujuyouyisi,1,2023/12/10 00:08,2023/12/10 00:38
148,双管齐下,雙管齊下,shuāng guǎn qí xià,物事を両面から推し進めること、同時並行で物事を進めること, - , - , - ,jujuyouyisi,1,2023/12/10 00:11,2023/12/10 00:11
